"ID","title","description","date","creator","ts_key","collection","timestamp","relation","subject","reference"
1,"Little Rose Bowl","Plays only footage of Boise Junior College vs Long Beach City College in the Junior Rose Bowl in Pasadena California. BJC lost to LBCC 13 to 33. This 16 mm film was donated to Boise State University Albertsons Library Special Collections and Archives by the family of Roy Mosman.","1950","Boise Junior College football","EfJh","Athletics",12/1/2017 10:37:13,"Football","sports","RG 30.7, 501209"
2,"Campus Scenes","Silent film clip of Boise Junior College from two locations, near the center of campus, sometime after 1948 before 1955.","1948-1955","Boise Junior College","IlJY","Archives Media",12/18/2017 14:20:00,"Communications and Marketing","campus","RG 8, Box 19, 3510"
3,"Lyle Smith: End of an Era","Dick Eardley of KBOI-TV News reports on the retirement of Boise Junior College football head coach Lyle Smith. Eardley narrates a summary of Smith's accomplishments.","1967","KBOI-TV","HXtk","Athletics",12/1/2017 10:39:07,"Football","coaching","RG 31, Box 1, 3280"
4,"Theatre in a Trunk","Idaho Shakespeare Festival Theatre in a Trunk promotion for ""Prime of Jean Brodie.""","1976","Doug Copsey","pRdT","Idaho Shakespeare Festival",12/20/2017 12:41:52,"Idaho Shakespeare Festival","performing arts","MSS 229, 1978 video"
5,"Idaho Power Spot","Television commercial for Idaho Power Company","1978","Doug Copsey","xoEQ","Idaho Shakespeare Festival",12/20/2017 12:42:03,"Idaho","power industry","MSS 229, 1978 video"
6,"TV Spots","Television commercials for Idaho Shakespeare Festival, Idaho Power Company, and Falls Brand Meats.","1978","Doug Copsey","PXYe","Idaho Shakespeare Festival",12/20/2017 12:42:08,"Idaho","performing arts","MSS 229, 1978 video"
7,"BSU Challenge of the 80s","Special feature on Boise State University, along with local commercials from the YWCA, Boise Chamber of Commerce (Boise is Brighter campaign), KIVI, and Crime Stoppers. Some highlights of Boise State include a brief overview of the history of the school, community engagement, athletics, an overview of the first shows at the Pavilion (Taco Bell Arena). This version of the feature ends prematurely.","1982","Boise State University","SwYM","Archives Media",12/18/2017 14:20:08,"Communications and Marketing","planning","RG 8, Box 10, 3573"
8,"KBCI Story on 50th Anniversary of Boise State","News story about the Governor's appreciation ceremony held by Boise State University in honor of the five living governors. This event kicked off a year-long celebration of the 50th anniversary of Boise State University.","1982","KBCI","ndY9","Archives Media",12/18/2017 14:20:12,"Communications and Marketing","planning","RG 8, Box 10, 2593"
9,"Boise, Idaho's Gateway City","Promotional narrated slideshow of Boise, Idaho as well as some areas in Idaho which are within easy travel range of Boise.","1984","Educational Media Services; Boise State University; Boise Convention and Visitors Bureau; Rikers Film Production Inc.","WTNn","Special Collections",12/5/2017 14:00:12,"Library","tourism; recreation","	Spec. Coll. F754.B65 B645 1984"
10,"Library Tour","Librarian Ralph Hansen gives a tour to three Boise State students around the library.","1986-1987","Library; University Television Productions","JlJX","Archives Media",12/1/2017 10:44:03,"Library","research","RG 8, Box 1, 8695"
11,"Computer Tech Works","Introduction clip of a technology education video about personal computers","1987","Southern California Consortium","0HWX","University Television Productions",12/18/2017 14:49:27,"Educational Technology","computers","RG 58, Box 04, UTP19870000M"
12,"Retold in the Hills","A history of the making & recovery of Told in the hills : the first Hollywood feature film made in Idaho","1990","Tom Trusky; University Television Productions","LixO","University Television Productions",12/1/2017 11:07:33,"English","performing arts","RG 58, Box 15, UTP189890900A-B"
13,"Keiser Dismissal","Press conference with Idaho State Board of Education member Shurtliff regarding the removal of Boise State University President John Keiser.","1991","KTVB","D2ML","Archives Media",12/1/2017 11:08:13,"University President","leadership","RG 8, Box 10, 2570"
14,"Bethine Church Sawtooth Society KTVB story","Sawtooth National Recreation Area Rancher Bob Piva wants to sell his land but Sawtooth Society, Bethine Church, thinks appraisal is needed.","1996","KTVB","1s7H","Bethine Church",12/20/2017 12:41:46,"Bethine Church","environment","MSS 226, Box 32, KTVB Sawtooth"
15,"Frank Church Conference Keynote","Samuel Pisar keynote address at the Frank Church Conference on Public Affairs.","2005","University Television Productions","sl6l","University Television Productions",12/1/2017 11:12:01,"Frank Church Institute","international relations","RG 58, Box 43, UTP20051103a"
16,"Jim Stockton C.S. Lewis","Albertsons Library Special Collections and Archives presents a special lecture by Boise State professor Jim Stockton on C.S. Lewis and the Oxford Philosophers: A philosophical review of the Oxford Socratic Club (1941-72)","2012","Boise State University Library, Special Collections and Archives","CdJY","Library Lecture Series",12/1/2017 11:15:39,"Philosophy","research","UER RG 50.7"
18,"Handling Negatives","Instructional video for handling negatives at Special Collections and Archives.","2013","Boise State University Library, Special Collections and Archives","nIDU","Instructional Videos",12/20/2017 12:47:06,"Library","archives","UER RG 50.7"
19,"Blue Thunder Marching Band - 25 years","Documentary about the history of the Boise State University Marching Band","2014","Arthur Aguilera","iaq6","Archives Media",12/1/2017 11:16:10,"Boise State University Marching Band","music","UER RG 38"
20,"Jim Stockton Socratic Club","Albertsons Library Special Collections and Archives presents a special lecture by Boise State philosophy professor Jim Stockton on the Socratic Club.","2014","Boise State University Library, Special Collections and Archives","7FE5","Library Lecture Series",12/18/2017 14:08:23,"Philosophy","research","UER RG 50 A17-32"
21,"Samantha Harvey","Boise State University Library Special Collections and Archives special lecture with Samantha Harvey, Wilderness: Past, Present, and Future.","2014","Boise State University Library, Special Collections and Archives","Nys6","Library Lecture Series",12/18/2017 14:08:27,"English","literature","UER RG 50 A17-32"
22,"History of Comics in Idaho","Albert Asker presents the Idaho connection to the comic book genre, and history of Idaho's comic book artists and writers.","2015","Boise State University Library, Special Collections and Archives","3g2n","Library Lecture Series",12/20/2017 12:46:50,"Library","comics","UER RG 50 A17-32"
23,"Bronco Spirit","Historic Boise State slideshow featuring university archives photos and Boise State jingle ""Bronco Spirit.""","2016","Boise State University Library, Special Collections and Archives","HVwC","Library",12/5/2017 13:58:26,"Athletics","campus life",
24,"Primary Sources, Special Collections and Archives","Instructional video for student research with primary sources with information on Special Collections and Archives","2016","Boise State University Library, Special Collections and Archives","3PWA","Instructional Videos",12/20/2017 12:47:04,"Library","archives","UER RG 50 A17-32"
25,"Football vs. Fresno","Plays only football film of Boise State University Broncos vs Fresno State University Bulldogs at Fresno, California.","1977-09-17","Football","wO0e","Athletics",12/18/2017 14:50:50,"Football","sports","RG 30.7, 770917 reels a-d"
26,"Football vs. Weber State College","Plays only football film of Boise State University Broncos vs Weber State College wildcats at Ogden, Utah.","1977-09-10","Football","TM9k","Athletics",12/18/2017 14:51:21,"Football","sports","RG 30.7, 770910 reels a-d"
27,"Football vs Northern Arizona","Plays only football film of Boise State University Broncos versus the Northern Arizona University Lumberjacks.","1978-11-11","Football","NwGO","Athletics",12/18/2017 14:51:39,"Football","sports","RG 30.7, 771111 reels a-d"
28,"Football vs. Idaho","Plays only football film of Boise State University Broncos versus the University of Idaho Vandals at Bronco Stadium.","1978-11-04","Football","2RtO","Athletics",12/18/2017 14:51:44,"Football","sports","RG 30.7, 771104 reels a-d"
29,"Football vs. Dixie College","Plays only football film of Boise Junior College Broncos vs Dixie College at Boise, Idaho.","1958-11-15","Football","XoEz","Athletics",12/18/2017 14:52:25,"Football","sports","RG 30.7, 581115 reels a-d"
30,"My Boise State: Bob Sims","Dr. Sims, Dean of the College of Social Science and Public Affairs, discusses memorable moments at Boise State University.","2007","Boise State University Communications and Marketing","lBlE","Archives Media",12/20/2017 12:45:07,"History","education","RG 08, Box 18, 8776"
31,"Focus on Boise State University: Dyke Nally, Connie Bunch","John Franden interviews Connie Bunch, President, Boise State Alumni Association  and Dyke Nally, Executive Director, Alumni Relations, on alumni issues.","1987","University Television Productions","LxNi","University Television Productions",12/18/2017 14:56:58,"Alumni Association",,"RG 58, Box 09, UTP19871023"
32,"Homecoming Tailgate Party","Alumni Association hosts a tailgate and pregame party in Julia Davis Park","1987","University Television Productions","yRq6","University Television Productions",12/18/2017 15:01:11,"Homecoming","celebrations","RG 58, Box 9, UTP19871025"
33,"Lyle Smith Retirement Party, Part 1","Boise State University and Collegiate Athletics community of Idaho congratulate retiring Athletic Director Lyle Smith on a long and successful carrier at Boise State University","1981","Bronco Athletic Association","Thj6","Athletics",12/18/2017 15:05:46,"Athletics","celebrations","RG 31, Box 2, 3263"
34,"Lyle Smith Retirement Party, Part 2","Boise State University and Collegiate Athletics community of Idaho congratulate retiring Athletic Director Lyle Smith on a long and successful carrier at Boise State University","1981","Bronco Athletic Association","DNWZ","Athletics",12/18/2017 15:06:55,"Athletics","celebrations","RG 31, Box 2, 3263"
35,"Dyke Nally Roast","An event honoring Dyke Nally upon his retirement as executive director of the Boise State University Alumni Association.","1995","Alumni Association","lbIh","Archives Media",12/18/2017 15:10:16,"Alumni Association","celebrations","RG 08, Box 11. 9 VHS tapes"
36,"Water Decisions 76","Water shortages, droughts, agricultural growth and the increase in demand for water in Idaho. An overview of water rights and usage in Idaho.","1976","Idaho Department of Water Resources","UEP5","Special Collections",12/18/2017 15:16:14,"Library","environmental policy","Cataloged Media\Idaho Department of Water Resources"
37,"Frank Church appeals to voters","Frank Church explains why he is running for President.  He calls Ford a weak President for pardoning Nixon and for not punishing government agencies such as the CIA, FBI and IRS for their illegal domestic activities.  He also condemns the export of U.S.","1976","Frank Church for President Committee","QuYS","Frank Church",12/20/2017 12:42:12,"Frank Church","political campaigns","MSS 56, VHS 76013"
38,"Football vs. Humboldt State University","The first football game played on blue turf, plays only coaches film.","1986-09-13","Football","iJ0x","Athletics",12/18/2017 15:18:34,"Football","sports","RG 30.7, 860913"
39,"Frank Church and Cecil Andrus","Frank Church and Cecil Andrus discussing a strategy on preventing the Federal Government from usurping control of states water rights.","1974","Frank Church","mElD","Frank Church",12/18/2017 15:38:43,"Frank Church","environmental policy","MSS 056, Film 74011"
40,"Church on the assassination of John F. Kennedy","Church speaking a few days after the assassination of President Kennedy.  Church compares Kennedy to a ""young David"". He asks the American public to put their support behind the new President, Lyndon Johnson.","1963","Frank Church","0I7A","Frank Church",12/18/2017 15:38:42,"Frank Church","assassinations","MSS 056, Film 63007"
41,"Funeral Service of Frank Church","KIVI coverage of the funeral services of Frank Church at the Cathedral of the Rockies in Boise.  Eulogies are given by Carl Burke, Stan Burns, Scott Burns, Warren Manshel and Forrest Church.","1984","KIVI","Iyid","Frank Church",12/20/2017 12:41:40,"Frank Church","memorial services","MSS 056"
42,"Election Night Interview","Church is interviewed on ABC's election night coverage of the 1968 Campaign by Sal Celeski, Howard K. Smith and Bill Lawrence.  They discuss how a liberal Senator gets re-elected from such a conservative state.","1968-11-04","ABC","XdDY","Frank Church",12/20/2017 12:41:42,"Frank Church","political campaigns","MSS 056"
43,"Frank Church Legacy: Preserving Idaho's Water","Four clips from the Frank Church video collection about Idaho Water, compiled by Boise State University","1996","University Television Productions","ww8s","Frank Church",12/18/2017 15:40:37,"Frank Church","environmental policy","RG 58, Box 43, UTP19961114"
44,"Preston Hale Interview","Communications and Marketing interview Preston Hale about the early days at Boise Junior College.","2007","Boise State University","y52m","Archives Media",12/5/2017 16:31:23,"Alumni Association","alumni",
45,"Basketball vs. Eastern Montana","Men's Basketball vs. Eastern Montana, no sound.","1969-12-12","Boise State University","eS4g","Athletics",12/18/2017 15:51:00,"Basketball","sports","RG 30.6, 691212"
46,"Football Highlights","Narrated overview of the 1984 Boise State University Bronco Football season.","1984","Football","0FNK","Athletics",12/18/2017 15:51:18,"Football","sports","RG 30.7, 84High"
47,"New U Rising commercials","Two commercials, television spots, for Boise State University using the ""New U Rising"" campaign.","2011","Boise State University, Communications and Marketing","C4av","Archives Media",12/19/2017 13:29:06,"Communications and Marketing","education","RG 8, Box 19, 8809"
48,"Institutional commercials","Boise State University Communications and Marketing advertisements for Boise State University, using the New U Rising and Beyond the Blue campaigns.","2010","Boise State University, Communications and Marketing","eYd8","Archives Media",12/19/2017 13:29:30,"Communications and Marketing","education","RG 8, Box 19, 8809"
49,"Athlete Introductions","Football and Basketball introduction video, played before home games.","2010","Boise State University, Communications and Marketing","nXMD","Archives Media",12/20/2017 12:43:30,"Athletics","sports","RG 8, Box 19, 8809"
50,"Inside Boise State Introductions","Opening graphics for the television program Inside Boise State","2010","Boise State University, Communications and Marketing","Ud5G","Archives Media",12/20/2017 12:44:33,"Communications and Marketing","education","RG 8, Box 19, 8809"
51,"Fiesta Bowl Slideshow","Still image slide show of the 2010 Fiesta Bowl, Boise State University vs. Texas Christian University, set to music.","2010","Boise State University, Communications and Marketing","u2VQ","Archives Media",12/20/2017 12:45:02,"Football","sports","RG 8, Box 19, 8809"
52,"Horizon Air Broncos airplane","Horizon Airlines' Boise State University Broncos branded aircraft.","2010","Boise State University, Communications and Marketing","hqT3","Archives Media",12/20/2017 12:44:38,"Communications and Marketing","travel","RG 8, Box 19, 8809"
53,"Stock footage","Stock footage of the Boise State University campus, including aerial video, laboratories, buildings, and students.","2010","Boise State University, Communications and Marketing","vAte","Archives Media",12/20/2017 12:44:44,"Communications and Marketing","education","RG 8, Box 19, 8809"
54,"Barbara Morgan","Inside Boise State special on distinguished educator in residence Barbara Morgan. Covering Microgravity University collaboration with NASA and outreach to elementary schools.","2010","Boise State University, Communications and Marketing","IqIC","Archives Media",12/20/2017 12:44:46,"Communications and Marketing","education","RG 8, Box 19, 8809"
55,"John Gardner","John Gardner discusses energy research, policy, and campus sustainability.","2010","Boise State University, Communications and Marketing","LX47","Archives Media",12/20/2017 12:44:53,"Environmental Studies","environmental policy","RG 8, Box 19, 8809"
56,"College of Business and Economics new building","Amanda Schoenweis highlights the plan for a new Business building, the Micron Business and Economics Building.","2010","Boise State University, Communications and Marketing","BEwL","Archives Media",12/19/2017 13:29:37,"College of Business and Economics",,"RG 8, Box 19, 8809"
57,"Service Learning","Inside Boise State and Kara Brascia highlight the Service Learning program.","2010","Boise State University, Communications and Marketing","9qEZ","Archives Media",12/20/2017 12:45:30,"Service Learning","education","RG 8, Box 19, 8809"
58,"Innovate commercial","Chris Petersen and Blue Turf commercial, innovate at Boise State. Two versions: anamorphic and letterbox.","2010","Boise State University, Communications and Marketing","ahZ1","Archives Media",12/19/2017 13:29:47,"Communications and Marketing","education","RG 8, Box 19, 8809"
59,"Explore BSU commercial","Boise State Admissions commercial for prospective students.","1996","Boise State University, Communications and Marketing; Admissions","n9x1","Archives Media",12/19/2017 13:34:35,"Communications and Marketing","education","RG 8, Box 1, 8682"
60,"Student Recruitment","Recruitment commercial titled ""A Great University in a Great City""","1999","Communications and Marketing","oUMQ","Archives Media",12/20/2017 12:44:22,"Communications and Marketing","education","RG 8, Box 18, 8819"
61,"Susan Shadle","Boise State ""Real Knowledge for the Real World"" campaign featuring Chemistry professor Dr. Susan Shadle.","1999","Communications and Marketing","jbeb","Archives Media",12/20/2017 12:43:48,"Chemistry","education","RG 8, Box 18, 8819"
62,"Jade - Student","Boise State ""Real Knowledge for the Real World"" campaign featuring student Jade.","1999","Communications and Marketing","frxU","Archives Media",12/20/2017 12:44:26,"Communications and Marketing","education","RG 8, Box 18, 8819"
63,"Dan Rogers","Boise State ""Real Knowledge for the Real World"" campaign featuring student Dan Rogers. Includes various endings","1999","Communications and Marketing","Koie","Archives Media",12/20/2017 12:44:28,"Communications and Marketing","education","RG 8, Box 18, 8819"
64,"Christmas Concert commercial","Commercial advertising the Boise State University Christmas Concert, December 5th, 1999 at the Morrison Center.","1999","Communications and Marketing","eMJB","Archives Media",12/19/2017 13:42:38,"Music","performing arts","RG 8, Box 18, 8819"
65,"Real World commercial 1","Television advertisement for Boise State University using the ""Real Education for the Real World"" campaign.","1999","Communications and Marketing","lY9j","Archives Media",12/19/2017 13:42:39,"Communications and Marketing","education","RG 8, Box 18, 8819"
66,"Imagine commercial 2","Television advertisement for Boise State University using the ""Real Education for the Real World"" campaign","2003","Communications and Marketing","NMB9","Archives Media",12/19/2017 13:43:33,"Communications and Marketing","education","RG 8, Box 18, 8819"
67,"Instructor interview","An interview with a physics and chemistry instructor (unidentified) about his pedagogy of using experiments in the classroom.","2003","Communications and Marketing; Physics","ghu4","Archives Media",12/20/2017 12:47:11,"Physics","education","RG 8, Box 18, 8819"
69,"Idaho: A Noble Challenge","Film about life in Idaho produced with funds from the Pacific Northwest Regional Commission and the State of Idaho.","1976","Dick Barrymore and Earl Rickers","saDb","Special Collections",12/20/2017 12:37:50,"Library","environmental policy","Cataloged Media"
70,"The Morrison Center Story","Documentary about the creation of the Morrison Center","2000","Morrison Center","RHuq","Archives Media",12/19/2017 14:01:39,"Morrison Center","performing arts","RG 8, Box 1, 8687"
71,"Morrison Center Promotional Video","A 1984 promotional video about Harry Morrison and the then-new Morrison Center.","1984","Morrison Center","dQYt","Archives Media",12/19/2017 14:20:04,"Morrison Center","performing arts","RG 8, Box 4, 2966"
72,"Morrison Center: Opening Night","Opening night dedication of the Morrison Center on April 7, 1984, with interviews Velma Morrison, Bill McMurren, John Keiser, and John Evans.","1984-04-07","Morrison Center","FrRe","Archives Media",12/19/2017 14:40:53,"Morrison Center","performing arts","RG 8, DVD Box 1, 3094"
73,"Afghanistan: A Progressive Country","Discusses some of the economic changes in Afghanistan after World War II and particularly the building of dams by Morrison Knudsen Afghanistan in order to reclaim desert land for agricultural purposes.","1958","Morrison Knudsen Company","wV8P","Morrison Knudsen Company",12/19/2017 14:46:36,"Morrison Knudsen Company","Engineering & construction; international relations","MSS 296"
74,"Lyman Wilbur - MK Vice President interview","Civil engineer and executive of Morrison Knudsen Company Lyman D. Wilbur reflects on his work history with the company and some memorable projects.","1995","Morrison Knudsen Company","tuIC","Morrison Knudsen Company",12/19/2017 14:46:36,"Morrison Knudsen Company","Engineering & construction","MSS 296"
75,"Cliff Baker - HKF President interview","HK Ferguson president Cliff Baker answers questions about the history of HKF.","1995","Morrison Knudsen Company","y740","Morrison Knudsen Company",12/19/2017 14:46:36,"Morrison Knudsen Company","Engineering & construction","MSS 296"
76,"Gift for the Dragons Son","Overview of the infrastructure projects contracted by the RMK-BRJ, a Morrison-Knudsen Company Inc. joint venture, to build ports, highways and airbases in South Vietnam.","1968","Morrison Knudsen Company","BTuH","Morrison Knudsen Company",12/19/2017 14:46:36,"Morrison Knudsen Company","Engineering & construction; international relations","MSS 296"
77,"Vietnam: A Long Way to Journey","Overview of the infrastructure projects contracted by the RMK-BRJ, a Morrison-Knudsen Company Inc. joint venture, to build ports, highways and airbases in South Vietnam.","1968","Morrison Knudsen Company","RrC9","Morrison Knudsen Company",12/19/2017 14:46:36,"Morrison Knudsen Company","Engineering & construction; international relations","MSS 296"
78,"A Tragic Past","Dr. Robert C. Sims presents on Idaho and Japanese American Relocation in World War II, the Minidoka internment camp","1988","University Television Productions","qBBx","Archives Media",12/19/2017 14:57:59,"History","civil liberties","RG 58"
79,"Focus on BSU: Japanese Internment","Dr. Robert C. Sims interviewed by John Franden on Focus on BSU, they discuss Japanese American Relocation in World War II and its legacy.","1988","University Television Productions","36zo","Archives Media",12/19/2017 14:57:48,"History","civil liberties","RG 58, Box 14, UTP19881219"
80,"Volleyball vs. University of Montana","Boise State University Volleyball vs. University of Montana.","1989-09-08","Boise State University","InI1","Athletics",12/19/2017 14:58:19,"Volleyball","sports","RG 30.8, Volleyball 890908"
81,"Volleyball vs. Weber State University","Boise State University Volleyball vs. Weber State University at home.","1989-09-21","Boise State University","SUNz","Athletics",12/19/2017 14:58:50,"Volleyball","sports","RG 30.8, Volleyball 890921"
82,"Volleyball vs. University of Montana","Boise State University Volleyball vs. University of Montana at Boise State.","1989-10-12","Boise State University","Xfiq","Athletics",12/19/2017 14:58:54,"Volleyball","sports","RG 30.8, Volleyball 891012"
83,"Volleyball vs. Idaho State University","Boise State University Volleyball vs. Idaho State University at home.","1989-10-28","Boise State University","ju94","Athletics",12/19/2017 14:59:00,"Volleyball","sports","RG 30.8, Volleyball 891028"
84,"Multi-Minority Perspective","Dr. Robert McCarl leads a panel discussion on diversity, human rights, and culture.","1992","University Television Productions","1p2P","University Television Productions",12/19/2017 15:08:54,"Martin Luther King Jr. Human Rights Celebration","civil liberties","RG 58, Box 18, UTP19920721"
85,"Euzkaldunak: Basques in Boise","Secretary of State Pete Cenarrusa, hosts a documentary on the significance of the Basque culture in Southwest Idaho. Includes interviews with John Bieter, Pat Bieter, Flora Aldazabal (Basque Center), Bar Gernika,  Michelle Alzola, and more.","1993","Boise State University","qp0U","University Television Productions",12/19/2017 15:14:33,"Basque Studies",,"RG 58, Box 19, UTP19930600"
86,"Women's Basketball vs. Idaho","Women's Basketball vs. University of Idaho at Moscow.","1993-03-05","Boise State University","ztug","Athletics",12/20/2017 12:42:23,"Women's Basketball","sports","RG 30.8 Women's Basketball, 930305"
87,"Women's Basketball vs. Oregon","Women's Basketball vs. University of Oregon at Boise.","1993-01-03","Boise State University","Ip0a","Athletics",12/20/2017 12:42:19,"Women's Basketball","sports","RG 30.8 Women's Basketball, 930103"
88,"Gymnastics Highlights","Gymnastics highlights, mostly Gretchen Strokes and Shawna Thompson, highlights.","1994","Boise State University","WuEo","Athletics",12/19/2017 15:18:16,"Gymnastics","sports","RG 30.8 Gymnastics 94High"
89,"Gymnastics vs. Washington","Gymnastics meet vs. University of Washington at Boise.","1990-02-24","Boise State University","O4af","Athletics",12/19/2017 15:18:27,"Gymnastics","sports","RG 30.8 Gymnastics 900224"
90,"Volleyball vs. University of Washington","Boise State University Volleyball vs. University of Washington at Sun Valley, Idaho.","1986-09-11","Boise State University","Jxix","Athletics",12/19/2017 15:21:22,"Volleyball","sports","RG 30.8 Volleyball, 860911"
91,"Volleyball vs. Northern Arizona University","Boise State University Volleyball vs. Northern Arizona University at Boise, Idaho.","1988-11-12","KTVB","ixQV","Athletics",12/19/2017 15:21:37,"Volleyball","sports","RG 30.8 Volleyball, 881112"
92,"Volleyball vs. Idaho State University","Boise State University Volleyball vs. Idaho State University at Boise, Idaho. Big Sky Conference Championship.","1988-11-18","Boise State University","ZhUz","Athletics",12/19/2017 15:21:56,"Volleyball","sports","RG 30.8 Volleyball, 881112"
93,"Volleyball vs. Weber State University","Boise State University Volleyball vs. Weber State University at Boise, Idaho.","1988-11-19","Boise State University","o3cU","Athletics",12/20/2017 11:16:17,"Volleyball","sports","RG 30.8, Volleyball, 881119"
94,"Volleyball tournament","Boise State University Volleyball at a tournament with Loyola Marymount, Wyoming, and Oregon.","1989-11-17","Boise State University","TpRX","Athletics",12/20/2017 11:16:24,"Volleyball","sports","RG 30.8, Volleyball, 881117"
95,"Volleyball vs. Wisconsin","Boise State University Volleyball vs. Wisconsin.","1989-12-02","Channel America","hfY2","Athletics",12/20/2017 11:16:39,"Volleyball","sports","RG 30.8, Volleyball, 881202"
96,"Dialogue with Dr. Ruch","Boise State University President Dr. Charles Ruch recounts his tenure on Idaho Public Television's Dialogue","2003","Idaho Public Television","uUsf","Archives Media",12/5/2017 13:18:16,"University President","leadership; planning","RG 8, Box 14, 3204"
97,"Viewpoint: Dr. Robert Kustra on KTVB","Boise State University President Dr. Kustra interviewed by Dee Sarton on the State of the University Address topics.","2004-08-29","KTVB","fudF","Archives Media",12/5/2017 13:42:02,"University President","leadership; planning","RG 8, Box 14, 3255"
98,"Newsmakers: Dr. Robert Kustra on KIVI","Boise State University President Dr. Kustra interview by Don Nelson on the State of the University Address topics.","2004-10-03","KIVI","Snft","Archives Media",12/5/2017 13:20:47,"University President","leadership; planning","RG 8, Box 14, 3248"
99,"News coverage of modern dorms","Television coverage of modern dorms named in honor of Dr. Keiser and David Taylor.","2004-09-24","KTVB; KIVI; KBCI","My7s","Archives Media",12/20/2017 12:46:08,"University President","housing developments","RG 8, Box 14, 3254"
100,"Dr. John Habib, Frank Church Conference on Public Affairs","Frank Church Conference on Public Affairs introduction by Bethine Church, welcome by Mayor David Bieter, and keynote by Dr. John Habib","2005-11-03","University Television Productions","8YYW","Archives Media",12/5/2017 13:23:46,"Frank Church Institute","international relations","RG 8, Box 16, 3804"
101,"Exploring BSU: Snake: The Plain and Its People","Charles Ruch interviews Todd Shallat and Steve Stuebner about their book, Snake: The Plain and Its People","1995","University Television Productions","TAQ2","University Television Productions",12/20/2017 11:19:40,"History","environment; research","RG 58, Box 2, UTP, UTP00000929"
102,"1992 UTP Programming 199210","Backwaters of the Boise River Festival with Jim Stoner; One Night Stand Student Stand-up Comedy; Barnwell's with Tom Trusky, Charles Fee and Idaho Shakespeare Festival, and Art in the Park. Michael Hoffman advertisement. Student Programs Board.","1992","University Television Productions","ToO8","University Television Productions",12/20/2017 11:20:34,"English","performing arts; recreation","RG 58, Box 18, UTP19921000"
103,"1994 UTP Programming 19940000A","Contains UTP19930405. Exploring BSU with Charles Ruch and guests John Franden, Peter Lutze, and Jim Stoner discuss University Television Productions (0:00); Bronco Stampede with Tom Scott (29:00); Focus on Boise State with John Franden and guest Tom Trusky (1:00:00); Boise State University Community Orchestra (1:37:00); Public Agenda with Jim Weatherby (2:00:00); Debate: Andrus' Tax Plan (2:32:00)","1994","University Television Productions","lAYM","University Television Productions",12/20/2017 11:23:34,"University President","research","RG 58, Box 19, UTP19940000A"
104,"1994 UTP Programming 19940324","TV Tone News; Inauguration of Charles Ruch as president of Boise State (02:18); Video Casserole; Voices for Censorship Awareness with Tom Trusky (14:25); Culinary Arts (20:59); Charles Ruch and Pokey Allen advertisement to promote bus system (31:49); Exploring BSU with Charles Ruch and guests Wallace Kay, Penny Seibert, and Russell Tremayne discuss team teaching (32:22)","1994-03-24","University Television Productions","Os5f","University Television Productions",12/20/2017 11:21:58,"University President","leadership","RG 58, Box 19, UTP19940324"
105,"Charting the Course: Strategic Planning","Boise State University Provost Dr. Sona Andrews presents the strategic plan ""Charting the Course."" Topics include the mission ""Metropolitan Research University of Distinction"" and the establishment of a community college (College of Western Idaho).","2005-05-02","University Television Productions","icG4","University Television Productions",12/20/2017 11:25:17,"Office of the Provost","planning","RG 58, Box 40, UTP20050502"
106,"Dr. Kustra State of the University","Boise State University President Dr. Robert Kustra delivers the State of the University Address.","2005-08-17","University Television Productions","FloA","University Television Productions",12/20/2017 11:44:23,"University President","planning","RG 58, Box 40, UTP20050817"
107,"Dr. Kustra Spring Update","Boise State University President Dr. Robert Kustra delivers the State of the University Address.","2006-01-11","University Television Productions","hTYU","University Television Productions",12/20/2017 11:26:17,"University President","leadership; planning","RG 58, Box 40, UTP20060111a"
108,"Dr. Kustra State of the University","Boise State University President Dr. Robert Kustra delivers the State of the University Address.","2006-08-16","University Television Productions","r3do","University Television Productions",12/20/2017 11:46:25,"University President","planning","RG 58, Box 41, UTP20060816"
109,"Dr. Kustra State of the University","Boise State University President Dr. Robert Kustra delivers the State of the University Address.","2007-08-22","University Television Productions","o7u6","University Television Productions",12/20/2017 12:05:32,"University President","planning","RG 58, Box 51, UTP20070822"
110,"Dr. Kustra State of the University","Boise State University President Dr. Robert Kustra delivers the State of the University Address.","2008-08-20","University Television Productions","JGFm","University Television Productions",12/20/2017 12:10:01,"University President","planning","RG 58, Box 55, UTP20080820"
111,"MLK Celebration: Keynote Speakers","Boise State University Martin Luther King Jr. Human Rights Week Keynote Address with Danny Glover and Bill Fletcher.","2003-01-22","University Television Productions","OXiB","University Television Productions",12/20/2017 12:12:09,"Martin Luther King Jr. Idaho Human Right Celebration","civil liberties","RG 58, Box 35, UTP20030122"
112,"MLK Celebration: Naomi Tutu","Boise State University Martin Luther King Jr. Human Rights Celebration presents Ms. Naomi Tutu.","2004-01-23","University Television Productions","u2Vh","University Television Productions",12/20/2017 12:15:57,"Martin Luther King Jr. Idaho Human Right Celebration","civil liberties","RG 58, Box 36, UTP20040123"
113,"Trusky and Shipman","Women's History Month programming featuring Tom Trusky's work on Nell Shipman and the new book ""The Silent Screen and My Talking Heart.""","1995-03-23","Tom Trusky","FJSg","University Television Productions",12/20/2017 12:17:52,"English","performing arts","RG 58, Box 21, UTP19950323"
114,"Noodles Spoken Word","University Television Productions Presents Noodles Spoken Word. Speakers: Tom Trusky about James Castle, Janet Holmes, Alison Heguee.","2000","Tom Trusky","iOOW","University Television Productions",12/20/2017 12:19:15,"English","performing arts","RG 58, Box 28, UTP20000000B"
115,"Cherie Bucker and the MLK Jr. Community Choir","Treasure Valley Public Access Television presents St. Paul Baptist Church, Cherie Buckner and the Martin Luther King Jr. Community Gospel Choir.","2002-01-20","University Television Productions","ShIf","University Television Productions",12/20/2017 12:22:06,"Martin Luther King Jr. Idaho Human Right Celebration","holidays","RG 58, Box 31, UTP20020120"
116,"Martin Luther King Jr. Celebration Dinner","Boise State University Black Student Alliance hosts the Martin Luther King Jr. Celebration Dinner, featuring ""The OG and the B-Boy.""","2003-01-15","University Television Productions","TiFM","University Television Productions",12/20/2017 12:22:45,"Martin Luther King Jr. Idaho Human Right Celebration","holidays","RG 58, Box 35, UTP20030115"
117,"MLK Celebration: Martin Luther King III","Boise State University Martin Luther King Jr. Human Rights Celebration presents Martin Luther King III.","2005-01-21","University Television Productions","O0lW","University Television Productions",12/20/2017 12:25:39,"Martin Luther King Jr. Idaho Human Right","civil liberties","RG 58, Box 40, UTP20050121b"
119,"""The Right to Dream"" MLK Human Rights Celebration Week","Boise State University Martin Luther King Jr. Human Rights Celebration presents the St. Paul Baptist Choir and poet Nikki Giovanni","2008-01-24","University Television Productions","Io0w","University Television Productions",12/20/2017 12:27:03,"Martin Luther King Jr. Idaho Human Right Celebration","civil liberties","RG 58, Box 57, UTP20080124"
120,"Interpreting the Shootings in Boise: Alternative Perspectives","Boise State University Student ACLU club presents a panel discussion on police shooting and violence after the killing of Boise Police officer Mark Stall. Panel discussion includes professors Dr. Michael Blain, Dr. Edward McLuskie, and student Lauri Arnold.","1997-10-08","University Television Productions","R6vB","University Television Productions",12/20/2017 12:29:21,"Sociology","civil liberties","RG 58, Box 24, UTP19971008"
121,"30 Years of Sound","Documentary about the history of the Keith Stein Blue Thunder Marching Band, from its inception in 1987 to the present. Includes a short history of the band program from 1932 through the 1970s.","2017","Arthur Aguilera","beU9","Archives Media",12/20/2017 12:30:12,"Music","music","UER RG 38, A17-20"
122,"Football vs. Delaware State","Boise State University Football vs. Delaware State, including the introduction of the Keith Stein Blue Thunder Marching Band.","1987-09-05","Boise State University","9crz","Athletics",12/20/2017 12:33:32,"Music","music","RG 30.7"
123,"West Dam, I/O Tower and P1 Tunnel Project","An Morrison Knudsen (MK) and H.B. Zachry joint venture project for the Metropolitan Water District of Southern California, building one of the largest earth filled dams in North America. This documentary also covers leading edge technologies in heavy equipment, civil engineering.","1999","Morrison-Knudsen Company Inc.","3HJ3","Morrison Knudsen Company",12/20/2017 12:37:43,"Morrison-Knudsen Company Inc.","Power industry; Engineering & construction","MSS 296, video"
124,"Content for ""A Day in the Life: Campus Shots""","Raw video clips for the project ""A Day in the Life: Campus Shots."" Includes scenes from classrooms, the Spirit of the Bronco Statue in snow, Friendship Bridge, Student Union bookstore entrance and dancing outside the SUB, the Recreation Center climbing wall, and timelapse of a football game crowd.","2014","Boise State University, Communications and Marketing","IrbH","Archives Media",12/20/2017 12:37:10,"Communications and Marketing","campus","UER: RG 0216, A17-24, 9223"
125,"Dr. Keiser State of the University","Boise State University President Dr. John Keiser State of the University Address, highlights featured on Focus on Boise State with John Franden.","1987-01-12","University Television Productions","bdhn","University Television Productions",12/20/2017 12:39:15,"University President","planning","RG 58, Box 5, UTP19870114"
126,"Dr. Keiser State of the University","Boise State University President Dr. John Keiser State of the University Address.","1989-08-21","University Television Productions","3JsV","University Television Productions",12/20/2017 12:39:36,"University President","planning","RG 58, Box 15, UTP19890821"
127,"Little Women","College of Arts and Science Department of Theatre Arts presents Little Women. Clips of scenes, Richard Klautsch and actor interviews.","2015-03-04","Communications and Marketing","kZGk","Archives Media",12/7/2017 8:44:10,"Theatre Arts","performing arts","UER RG 216, A17-24, 9268"
128,"Dr. Kustra State Of The University","President Bob Kustra delivers the State of the University.","2014-08-20","Communications and Marketing","oK44","Archives Media",12/7/2017 8:44:11,"University President","planning","UER RG 216, A17-24, 9268"
129,"Winter Commencement","Short slide show video of winter commencement.","2014-12-19","Communications and Marketing","Ma15","Archives Media",12/7/2017 8:44:11,"Commencement",,"UER RG 216, A17-24, 9268"
130,"Administration Plaza B Installation","Short video showing the install of the Plaza Boise State ""B.""","2014-05-09","Communications and Marketing","07SP","Archives Media",12/18/2017 14:19:53,"Communications and Marketing","campus; construction","UER RG 216, A17-24, 9268"
131,"Slideshow for Advancement","Slide show and clips showing moments from the 2014 school year.","2014-12-19","Communications and Marketing","ikiv","Archives Media",12/7/2017 8:44:12,"Advancement","campus life","UER RG 216, A17-24, 9268"
132,"Campus Flyover June 3, 2013","Short video of a campus flyover on June 3rd, 2013.","2013-06-03","Communications and Marketing","jJrT","Archives Media",12/18/2017 14:19:40,"Communications and Marketing","campus; aerial views","UER RG 216, A17-24, 9268"
133,"Aerial View June 2013","Short video of a campus flyover on June 4th, 2013.","2013-06-04","Communications and Marketing","wWys","Archives Media",12/18/2017 14:19:40,"Communications and Marketing","campus; aerial views","UER RG 216, A17-24, 9268"
134,"airport advertisement","Boise State University advertisement for the Boise International Airport, short slideshow.","2013-01-10","Communications and Marketing","qTfo","Archives Media",12/18/2017 14:19:40,"Communications and Marketing","promotions","UER RG 216, A17-24, 9268"
135,"airport advertisement","Boise State University advertisement for the Boise International Airport, short slideshow.","2012-12-11","Communications and Marketing","TLQw","Archives Media",12/18/2017 14:19:40,"Communications and Marketing","promotions","UER RG 216, A17-24, 9268"
136,"Alex Punnoose","Dr. Alex Punnoose explains nanotechnology and cancer treatment at Boise State University.","2013-02-19","Communications and Marketing","ifYS","Archives Media",12/7/2017 8:44:15,"Material Science Engineering; Chemistry","research","UER RG 216, A17-24, 9268"
137,"All Steinway Initiative","Mark Hansen (Chair of the Music Department) and Mona Morrison (Institutional Sales Director at Dunkley Music) explains the importance of bringing 29 Steinway pianos to Boise State University's campus.","2011-12-11","Communications and Marketing","qpVm","Archives Media",12/7/2017 8:44:15,"Music Department","equipment and supplies","UER RG 216, A17-24, 9268"
138,"Allen Dykman","Allen Dykman gives his acceptance speech on being awarded an Honorary Doctorate Degree from Boise State University.","2012-05-12","Communications and Marketing","TEoG","Archives Media",12/7/2017 8:44:16,"Office of the Provost","alumni","UER RG 216, A17-24, 9268"
139,"Arts & Humanities","Promo video for the Arts & Humanities at Boise State University. Still images and videos showcase a variety of activities that can be pursued on campus, including; Department of Theatre Arts, Department of Music, Fine Arts, and more.","2013-05-30","Communications and Marketing","DHZA","Archives Media",12/7/2017 8:44:21,"College of Arts and Sciences","academic programs","UER RG 216, A17-24, 9268"
140,"B Honey","Short video showcasing the ""B"" honey that is produced by the Boise State University bees, and the environmental studies internship that is available through the program.","2013-07-23","Communications and Marketing","WUJs","Archives Media",12/20/2017 12:44:59,"Environmental Studies","environmental policy","UER RG 216, A17-24, 9268"
141,"Albertsons Stadium installation of B","Short video showing the install of the B on the Bronco Stadium (Albertsons Stadium).","2014-02-25","Communications and Marketing","YpmL","Archives Media",12/7/2017 8:47:49,"Football","campus","UER RG 216, A17-24, 9268"
142,"B Plaza Time-lapse","Short time-lapse video of graduates and their families taking photos in front of the B Plaza.","2015-05-09","Communications and Marketing","VAOG","Archives Media",12/20/2017 12:44:06,"Commencement","graduation","UER RG 216, A17-24, 9268"
143,"B On The Blue with Still","Video showing students gathering for the annual B on the Blue, Albertsons Stadium","2015-08-24","Communications and Marketing","i9X5","Archives Media",12/7/2017 8:47:49,"New Student Programs","campus life","UER RG 216, A17-24, 9268"
144,"B On The Blue","Video showing students gathering for the annual B on the Blue, Albertsons Stadium","2015-08-21","Communications and Marketing","qFtW","Archives Media",12/7/2017 8:47:49,"New Student Programs","campus life","UER RG 216, A17-24, 9268"
145,"Boise State Public Radio","15 second spot for Boise State Public Radio, ""Your NPR News Source.""","2011-08-24","Communications and Marketing","TzAC","Archives Media",12/7/2017 8:47:49,"Boise State Public Radio","radio; promotions","UER RG 216, A17-24, 9268"
146,"Alumni Association promotion","Alumni Association video encouraging graduates to join.","2012-03-06","Communications and Marketing","mmaO","Archives Media",12/7/2017 8:47:49,"Alumni Association","promotions","UER RG 216, A17-24, 9268"
147,"Multidisciplinary Studies","Multidisciplinary Studies Commercial.","2014-09-24","Communications and Marketing","LVmc","Archives Media",12/7/2017 8:47:49,"Multidisciplinary Studies","academic programs","UER RG 216, A17-24, 9268"
148,"Micron","Mark Durcan, Micron CEO, explains Micron's heavy involvement and donations to Boise State University.","2012-08-22","Communications and Marketing","QcQb","Archives Media",12/7/2017 8:47:49,"College of Business and Economics","fund raising; donors","UER RG 216, A17-24, 9268"
149,"Barbara Morgan 1","Barbara Morgan message about Adler Planetarium programs inspiring young women to pursue a career in science.","2012-03-23","Communications and Marketing","mLh8","Archives Media",12/7/2017 9:31:18,"Research and Economic Development","women's education","UER RG 216, A17-24, 9268"
150,"Beyond the Blue 10 seconds","Beyond the Blue promo.","2011-10-14","Communications and Marketing","ZjSZ","Archives Media",12/7/2017 8:47:49,"Admissions","promotions","UER RG 216, A17-24, 9268"
151,"Troy Rohn, Beyond the Blue program","Beyond the Blue segment with Professor Troy Rohn discussing his focused research in Alzheimer's Disease and the involvement he has within the community.","2011-11-03","Communications and Marketing","dsNf","Archives Media",12/7/2017 8:47:49,"Biology","research","UER RG 216, A17-24, 9268"
152,"Big East Announcement","Short video of President Bob Kustra announces Boise State University and its new Conference Affiliations.","2011-12-08","Communications and Marketing","Fq8h","Archives Media",12/20/2017 12:46:12,"University President; Athletics","sports","UER RG 216, A17-24, 9268"
153,"Biomolecular PhD","Video showcasing the Biomolecular Ph.D. Program here at Boise State University.","2013-02-27","Communications and Marketing","nRa6","Archives Media",12/7/2017 8:47:49,"Biology","research","UER RG 216, A17-24, 9268"
154,"Biomolecular Sciences PhD","Video showcasing the Biomolecular Ph.D. Program here at Boise State University.","2013-04-15","Communications and Marketing","vyzb","Archives Media",12/7/2017 8:47:49,"Biology","research","UER RG 216, A17-24, 9268"
155,"Black Out","Short slide show of the 2013 Basketball Black Out game.","2013-03-05","Communications and Marketing","vZg8","Archives Media",12/20/2017 12:43:34,"Basketball","sports","UER RG 216, A17-24, 9268"
156,"Bleymaier Football Center","Bleymaier Football Center promo with graphics","2013-10-23","Communications and Marketing","wuA3","Archives Media",12/7/2017 8:47:49,"Football","promotions; campus","UER RG 216, A17-24, 9268"
157,"Boise Airport promotion","Short video to encourage interest in Boise State.","2013-05-03","Communications and Marketing","zpjo","Archives Media",12/7/2017 8:47:49,"Admissions","promotions","UER RG 216, A17-24, 9268"
158,"Boise State Flyover","Short flyover video of Boise State University's campus.","2013-06-07","Communications and Marketing","qBpp","Archives Media",12/7/2017 8:47:49,"Communications and Marketing","campus; aerial views","UER RG 216, A17-24, 9268"
159,"Boise State Visit Video","Short video with attractive clips and reasons to visit Boise State University.","2013-09-19","Communications and Marketing","8YCy","Archives Media",12/7/2017 8:47:49,"Admissions","promotions","UER RG 216, A17-24, 9268"
160,"Boise State Wow Awards","Virtual Reality System for Mastering Medical Skills","2015-09-24","Communications and Marketing","OwLm","Archives Media",12/7/2017 8:47:49,"College of Health Sciences","research","UER RG 216, A17-24, 9268"
161,"Boise Airport promotion","Boise State airport advertisement.","2012-04-25","Communications and Marketing","gvls","Archives Media",12/7/2017 8:47:49,"Admissions","promotions","UER RG 216, A17-24, 9268"
162,"Bronco Fan Friday","Student Alumni Association encourages Boise State community to wear blue an orange colors on Fridays.","2011-08-24","Communications and Marketing","bcLi","Archives Media",12/7/2017 8:47:49,"Student Alumni Association","promotions","UER RG 216, A17-24, 9268"
163,"Burrowing Owls","Jim Belthoff , Burrowing Owl Research ","2014-06-16","Communications and Marketing","LMjX","Archives Media",12/7/2017 8:47:49,"Raptor Biology Biological Science","research","UER RG 216, A17-24, 9268"
164,"Buster Health Center New Brand","Buster's visit to the Health Center ","2013-05-15","Communications and Marketing","miNZ","Archives Media",12/7/2017 8:47:49,"College of Health Sciences","health services; mascots","UER RG 216, A17-24, 9268"
165,"Buster Visits Rec New Brand","Buster's visit to the Rec Center ","2013-05-15","Communications and Marketing","stCV","Archives Media",12/7/2017 8:47:49,"Campus REC center","recreation; mascots","UER RG 216, A17-24, 9268"
166,"Center for Orthopedic & Biomechanics Research at Boise State","Center for Orthopedic & Biomechanics Research at Boise State ","2011-07-22","Communications and Marketing","uCiD","Archives Media",12/7/2017 8:47:49,"College of Health Sciences","research","UER RG 216, A17-24, 9268"
167,"President Obama visit to campus","Camille Eddy introducing President Obama, President Obama speech ","2015-02-27","Communications and Marketing","c0qf","Archives Media",12/7/2017 8:47:49,"Communications and Marketing","Presidents","UER RG 216, A17-24, 9268"
168,"College Of Engineering Tutoring Center","College of Engineering Tutoring Center  ","2015-03-24","Communications and Marketing","mcRa","Archives Media",12/7/2017 8:47:49,"College of Engineering","academic programs","UER RG 216, A17-24, 9268"
169,"Concurrent Enrollment","Concurrent Enrollment Program at Boise State ","2014-01-30","Communications and Marketing","PnCn","Archives Media",12/7/2017 8:47:49,"Extended Studies","academic programs","UER RG 216, A17-24, 9268"
170,"Distance","President Bob Kustra talks about the role of technology at Boise State","2011-08-10","Communications and Marketing","M73l","Archives Media",12/7/2017 8:47:49,"University President","equipment and supplies","UER RG 216, A17-24, 9268"
171,"Educational Technology Approved Animation","Introduction graphic for Educational Technology","2014-09-04","Communications and Marketing","Mzf2","Archives Media",12/20/2017 12:43:52,"College of Education","education","UER RG 216, A17-24, 9268"
172,"Edgar Sosa","Edgar Sosa, scholarship recipient thanks donors ","2015-02-26","Communications and Marketing","EvB4","Archives Media",12/7/2017 8:47:49,"Financial Aid and Scholarships","fund raising","UER RG 216, A17-24, 9268"
173,"Emily Walton","Emily Walton, commencement speaker ","2013-05-23","Communications and Marketing","ZaIo","Archives Media",12/7/2017 8:47:49,"Commencement","public speaking","UER RG 216, A17-24, 9268"
174,"Employee Giving","Students thanking donors and encouraging employees to donate to the university to fund scholarships.","2013-01-01","Communications and Marketing","6Arh","Archives Media",12/7/2017 8:47:49,"Financial Aid and Scholarships","fund raising","UER RG 216, A17-24, 9268"
175,"Engineering Rocket","Engineering students build and launch a rocket, 30 seconds.","2014-10-09","Communications and Marketing","IgeC","Archives Media",12/7/2017 8:47:49,"College of Engineering",,"UER RG 216, A17-24, 9268"
176,"Engineering Rocket","Engineering students discus building and launching a rocket ","2014-10-13","Communications and Marketing","tB63","Archives Media",12/7/2017 8:47:49,"College of Engineering",,"UER RG 216, A17-24, 9268"
177,"Entrepreneurship Day","Center for Entrepreneurship introduction ","2012-03-27","Communications and Marketing","g19A","Archives Media",12/7/2017 8:47:49,"College of Business and Economics","academic programs","UER RG 216, A17-24, 9268"
178,"Explore Magazine","Boise State Explore Magazine","2013-02-06","Communications and Marketing","u69E","Archives Media",12/7/2017 8:47:49,"Communications and Marketing","research","UER RG 216, A17-24, 9268"
179,"Give Today","Short promotional clip with shots of athletics, academics, and campus life.","2014-12-18","Communications and Marketing","UddY","Archives Media",12/7/2017 8:47:49,"Communications and Marketing","fund raising","UER RG 216, A17-24, 9268"
180,"Focus Promotion","Focus on Boise State promotion, rejected","2014-12-04","Communications and Marketing","vdUG","Archives Media",12/7/2017 8:47:49,"Communications and Marketing","promotions","UER RG 216, A17-24, 9268"
181,"Foundation Scholars","Foundation Scholar Awards ","2014-04-08","Communications and Marketing","5zV8","Archives Media",12/7/2017 8:47:49,"Foundation","scholarship","UER RG 216, A17-24, 9268"
182,"Foundation Scholars","Foundation Scholar Awards ","2015-04-17","Communications and Marketing","RhjO","Archives Media",12/7/2017 8:47:49,"Foundation","scholarship","UER RG 216, A17-24, 9268"
183,"Foundation Scholars","Foundation Scholar Awards, Hq","2013-04-08","Communications and Marketing","ToIT","Archives Media",12/7/2017 8:47:49,"Foundation","scholarship","UER RG 216, A17-24, 9268"
184,"Foundational Studies Group Photo","Foundational Studies group photo","2015-09-17","Communications and Marketing","ql7e","Archives Media",12/7/2017 8:47:50,"Foundational Studies Program","academic programs","UER RG 216, A17-24, 9268"
185,"Foundational Studies","Foundational Studies  promotion","2012-08-01","Communications and Marketing","B690","Archives Media",12/7/2017 8:47:50,"Foundational Studies Program","academic programs","UER RG 216, A17-24, 9268"
186,"Frank Zang","Communications and Marketing staff wish Frank Zang good bye and good luck after his retirement.","2013-01-17","Communications and Marketing","dsBv","Archives Media",12/7/2017 8:47:50,"Communications and Marketing","retirements","UER RG 216, A17-24, 9268"
187,"Friends Looping Slide Show","Friends of Nursing Celebrating 25th Anniversary slideshow","2013-11-05","Communications and Marketing","QPFL","Archives Media",12/7/2017 8:47:50,"College of Health Sciences","history; nursing","UER RG 216, A17-24, 9268"
188,"Wise Beyond Your Field book Promotional 1","Wise Beyond Your Field book promotion with Nancy K. Napier, Promotional Video 1.","2013-04-18","Communications and Marketing","Dk7l","Archives Media",12/7/2017 8:47:50,"Center for Creativity and Innovation","promotions; scholarship","UER RG 216, A17-24, 9268"
189,"George Fenton","George Fenton, commencement speaker introduction","2012-05-07","Communications and Marketing","Gnug","Archives Media",12/7/2017 8:47:50,"Commencement","public speaking","UER RG 216, A17-24, 9268"
190,"Golden Eagle Field Work Helmet Cam","Golden Eagle Helmet Camera","2014-05-28","Communications and Marketing","gtDO","Archives Media",12/7/2017 8:47:50,"Raptor Biology Biological Science","research","UER RG 216, A17-24, 9268"
191,"Grads At B","Graduates posing at the B","2014-05-19","Communications and Marketing","nvNj","Archives Media",12/20/2017 12:44:07,"Commencement","graduation","UER RG 216, A17-24, 9268"
192,"Greenspeed","Greenspeed, Vegetable Oil Fueled Truck ","2012-01-23","Communications and Marketing","GXhI","Archives Media",12/7/2017 8:47:50,"Student Organizations","Conservation of natural resources; Racing","UER RG 216, A17-24, 9268"
193,"Hannah Newhouse","Hannah Newhouse, race car driver ","2014-09-24","Communications and Marketing","q7CY","Archives Media",12/7/2017 8:47:50,"Athletics","Racing;  Women athletes;","UER RG 216, A17-24, 9268"
194,"Happy Blue Year","Happy Blue Year at Boise State slideshow","2011-12-27","Communications and Marketing","coHZ","Archives Media",12/20/2017 12:42:37,"Communications and Marketing","campus, holidays","UER RG 216, A17-24, 9268"
195,"Health Center","Buster visits the Health Center","2011-11-21","Communications and Marketing","kYn5","Archives Media",12/7/2017 8:47:50,"College of Health Sciences","mascots","UER RG 216, A17-24, 9268"
196,"Henry Charlier New Logos","Dr. Charlier discusses his research and patents for the department of Research and Economic Development.","2013-02-19","Communications and Marketing","Ucim","Archives Media",12/7/2017 8:47:50,"Chemistry","research","UER RG 216, A17-24, 9268"
197,"Hockey Announcement","Dr. Kustra welcomes attendees of the Black and Blue Hockey club game and declares proceeds of the game will go towards charitable food programs in the Treasure Valley, 2. High Definition.","2012-11-08","Communications and Marketing","nieJ","Archives Media",12/14/2017 15:43:10,"University President","community service;","UER RG 216, A17-24, 9268"
198,"Hockey Announcement","Dr. Kustra welcomes attendees of the Black and Blue Hockey club game and declares proceeds of the game will go towards charitable food programs in the Treasure Valley. High Definition.","2012-11-08","Communications and Marketing","Nk7m","Archives Media",12/14/2017 15:43:13,"University President","community service;","UER RG 216, A17-24, 9268"
199,"Holiday Card","Slideshow and video overview of campus activities for 2014 with Choir singing. Rejected Video.","2014-12-10","Communications and Marketing","mSu3","Archives Media",12/7/2017 8:47:50,"Music Department","Holidays","UER RG 216, A17-24, 9268"
200,"Homecoming","Homecoming video featuring the tailgate, parade and game snapshots. Second Version.","2012-10-24","Communications and Marketing","8CHA","Archives Media",12/7/2017 8:47:50,"Homecoming","campus life","UER RG 216, A17-24, 9268"
201,"Homecoming Slide Show","Homecoming video featuring the tailgate, parade and game snapshots.","2011-10-31","Communications and Marketing","AoxB","Archives Media",12/7/2017 8:47:50,"Homecoming","campus life","UER RG 216, A17-24, 9268"
202,"Idaho Dance Theatre","Idaho Dance Theatre Spring performance advertisement.","2014-04-09","Communications and Marketing","zUJO","Archives Media",12/7/2017 8:47:50,"Communications and Marketing","promotions","UER RG 216, A17-24, 9268"
203,"Idaho Dance Theatre Spring Show","Idaho Dance Theatre Spring performance advertisement.","2014-04-09","Communications and Marketing","gSdt","Archives Media",12/7/2017 8:47:50,"Communications and Marketing","promotions","UER RG 216, A17-24, 9268"
204,"Imagine","Commercial ""Imagine"" campaign, being part of something greater at Boise State highlighting a diverse and multifaceted university.","2014-02-25","Communications and Marketing","DReR","Archives Media",12/7/2017 8:47:50,"Admissions","research; academic programs; performing arts","UER RG 216, A17-24, 9268"
205,"Impact Scholars","Impact Scholars program introduction, a system for aiding students from barriers that might hinder success in college.","2015-04-02","Communications and Marketing","VCoC","Archives Media",12/7/2017 8:47:50,"Impact Scholars Program","academic programs","UER RG 216, A17-24, 9268"
206,"International Business Programs","Professors discuss the importance of International Business and the programs offered at Boise State.","2012-06-05","Communications and Marketing","kthq","Archives Media",12/7/2017 8:47:50,"College of Business and Economics","academic programs","UER RG 216, A17-24, 9268"
207,"Jamie Lundergreen","Jamie Lundergreen, top scholar, speaks about her experience in the Honors College at Boise State.","2014-05-12","Communications and Marketing","nM0t","Archives Media",12/7/2017 8:47:50,"Honors College","academic programs","UER RG 216, A17-24, 9268"
208,"Jamie Lundergreen Speech","Jamie Lundergreen's speech at Spring Commencement. ","2014-05-17","Communications and Marketing","eU0Y","Archives Media",12/7/2017 8:47:50,"Commencement","public speaking","UER RG 216, A17-24, 9268"
209,"Jen Forbey Research","Jen Forbey research on a pigmy rabbit sage brush habitat using drone aircraft.","2013-08-02","Communications and Marketing","gwxv","Archives Media",12/7/2017 8:47:50,"Biology","research","UER RG 216, A17-24, 9268"
210,"Josh Watkins Speech","Josh Watkins  Spring commencement speech.","2013-05-23","Communications and Marketing","LxMD","Archives Media",12/7/2017 8:47:50,"Commencement","public speaking","UER RG 216, A17-24, 9268"
211,"Juliette Tinker Research","Juliette Tinker speaks about her research on needle-free routes of vaccination of MRSA.","2013-01-24","Communications and Marketing","jX4w","Archives Media",12/7/2017 8:47:50,"Biology","research","UER RG 216, A17-24, 9268"
212,"Keck Grant","Keck Grant that support the research conducted at Boise State concerning disease ","2012-01-09","Communications and Marketing","Mc3y","Archives Media",12/7/2017 8:47:50,"Material Science Engineering; Chemistry","research","UER RG 216, A17-24, 9268"
213,"Kestrel Study","Julie Heath discusses her research study with Kestrels and human impact on ecology","2013-05-08","Communications and Marketing","8HhY","Archives Media",12/7/2017 8:47:50,"Raptor Biology Biological Science","research","UER RG 216, A17-24, 9268"
214,"Kevin Satterlee Welcome","Vice President Kevin Satterlee introduces Campus Operations and General Counsel and its mission and goals.","2015-08-03","Communications and Marketing","axQe","Archives Media",12/7/2017 8:47:50,"Campus Operations and General Counsel","mission statement","UER RG 216, A17-24, 9268"
215,"Kustra Address","President Kustra's addresses the Friends of Nursing and encouraging support of endowments and scholarships.","2011-11-01","Communications and Marketing","A6SQ","Archives Media",12/7/2017 8:47:50,"Financial Aid and Scholarships","fund raising","UER RG 216, A17-24, 9268"
216,"Laruen Bramwell","Lauren Bramwell, winter commencement speaker.","2014-12-15","Communications and Marketing","O4Qi","Archives Media",12/7/2017 8:47:50,"Commencement","public speaking","UER RG 216, A17-24, 9268"
217,"Light In The Piazza","Students and Professors introduce The Light in the Piazza.","2014-03-14","Communications and Marketing","Jktj","Archives Media",12/7/2017 8:47:50,"Theatre Arts","promotions","UER RG 216, A17-24, 9268"
218,"Literacy Master's Degree","Overview of the Literacy Master degree, a program for teaching reading.","2012-10-12","Communications and Marketing","2MSW","Archives Media",12/7/2017 8:47:50,"College of Education","academic programs","UER RG 216, A17-24, 9268"
219,"Little Women","Students and Administration discuss Little Women, a production by the Departments of Theatre Arts and Music ","2015-03-04","Communications and Marketing","rgG4","Archives Media",12/7/2017 8:47:50,"Theatre Arts","promotions","UER RG 216, A17-24, 9268"
220,"Micron Business & Economics Building Opening","Opening of the Micron Business & Economics Building ","2012-08-15","Communications and Marketing","LbBh","Archives Media",12/14/2017 15:43:25,"College of Business and Economics","campus","UER RG 216, A17-24, 9268"
221,"Micron Business & Economics Opening Celebration","President Kustra's dedication of the Micron Business & Economics Building","2012-08-24","Communications and Marketing","JKeA","Archives Media",12/14/2017 15:43:25,"University President; College of Business and Economics","campus","UER RG 216, A17-24, 9268"
222,"Micron Business & Economics Solar Panel Install","Micron Business & Economics Building Solar Panel installation ","2015-12-07","Communications and Marketing","HkZI","Archives Media",12/14/2017 15:43:25,"College of Business and Economics","campus; equipment and supplies","UER RG 216, A17-24, 9268"
223,"Micron Business & Economics Time-lapse","Micron Business & Economics Building time lapse ","2015-12-07","Communications and Marketing","EQSY","Archives Media",12/14/2017 15:43:25,"College of Business and Economics","campus","UER RG 216, A17-24, 9268"
224,"Maddie Booth","Maddie Booth, Student scholarship recipient","2015-02-26","Communications and Marketing","EylN","Archives Media",12/7/2017 8:47:50,"Financial Aid and Scholarships","fund raising","UER RG 216, A17-24, 9268"
225,"Make A Wish","Kalee Alvarado, Make-A-Wish Recipient","2014-08-22","Communications and Marketing","mTeJ","Archives Media",12/7/2017 8:47:50,"Financial Aid and Scholarships","fund raising","UER RG 216, A17-24, 9268"
226,"Make College Count!","Make College Count, highlighting skills in communication, relationship building, managing priorities, solving problems, analyzing information.","2015-06-03","Communications and Marketing","MQdy","Archives Media",12/20/2017 12:43:44,"Career Center","education","UER RG 216, A17-24, 9268"
227,"Mark Coyle Announcement","Edited and highlight version of President Bob Kustra press conference announcing and welcoming Mark Coyle as the new Athletic Director ","2011-12-05","Communications and Marketing","Hbrd","Archives Media",12/7/2017 8:47:50,"University President; Athletics","public speaking","UER RG 216, A17-24, 9268"
228,"Mark Coyle Press Conference","Full press conference recording of President Bob Kustra announcing and welcoming Mark Coyle as the new Athletic Director.","2011-12-07","Communications and Marketing","7uF0","Archives Media",12/7/2017 8:47:50,"University President; Athletics","public speaking","UER RG 216, A17-24, 9268"
229,"Thoroughly Modern Millie","Department of Theatre Arts and Music Presents Thoroughly Modern Millie","2013-03-13","Communications and Marketing","YM7u","Archives Media",12/7/2017 8:47:50,"Theatre Arts","promotions; performing arts;","UER RG 216, A17-24, 9268"
230,"Multidisciplinary Studies","Boise State Multidisciplinary Studies encouraging adults to pursue education at Boise State","2014-08-08","Communications and Marketing","YPZD","Archives Media",12/7/2017 8:47:50,"Multidisciplinary Studies","academic programs","UER RG 216, A17-24, 9268"
231,"Orientation Overview","Overview of the new student orientation program","2011-06-09","Communications and Marketing","HImz","Archives Media",12/7/2017 8:47:50,"New Student Programs","campus life","UER RG 216, A17-24, 9268"
232,"Our Community Is Our Classroom 1280","Community becomes part of the Boise State classroom through Service-Learning ","2012-12-03","Communications and Marketing","6EaP","Archives Media",12/7/2017 8:47:50,"Service Learning","community service;","UER RG 216, A17-24, 9268"
233,"Recreation Center","Recreation Center overview","2011-11-18","Communications and Marketing","qPd9","Archives Media",12/7/2017 8:47:50,"Campus REC center","recreation","UER RG 216, A17-24, 9268"
234,"Residential College","Living Learning Communities introduction and program overview","2014-03-28","Communications and Marketing","pa02","Archives Media",12/7/2017 8:47:50,"University Housing","community service;","UER RG 216, A17-24, 9268"
235,"Riley Hunt","Riley Hunt, scholarship recipient thanks donors","2015-02-26","Communications and Marketing","N2TM","Archives Media",12/7/2017 8:47:50,"Financial Aid and Scholarships","fund raising","UER RG 216, A17-24, 9268"
236,"Rob Spaul Golden Eagles","Rob  Spaul, research on Golden Eagles through the Raptor Biology Program","2014-06-23","Communications and Marketing","Q1jT","Archives Media",12/7/2017 8:47:50,"Raptor Biology Biological Science","research","UER RG 216, A17-24, 9268"
237,"STEM","Science, Technology, Engineering and Mathematics Program clips ","2011-06-19","Communications and Marketing","8S79","Archives Media",12/20/2017 12:42:43,"Communications and Marketing","academic programs","UER RG 216, A17-24, 9268"
238,"Scholarship Dinner","Scholarship Dinner containing clips of past recipients ","2011-11-01","Communications and Marketing","6NZn","Archives Media",12/7/2017 8:47:50,"Financial Aid and Scholarships","fund raising","UER RG 216, A17-24, 9268"
239,"Scholarships","Riley Hunt, scholarship recipient thanks donors","2015-02-25","Communications and Marketing","yLfM","Archives Media",12/7/2017 8:47:50,"Financial Aid and Scholarships","fund raising","UER RG 216, A17-24, 9268"
240,"Scholarships","Cassandra Sullivan, Charlotte Tomevi, Allagio Laurino speak about scholarships ","2013-03-11","Communications and Marketing","POan","Archives Media",12/7/2017 8:47:50,"Financial Aid and Scholarships","fund raising","UER RG 216, A17-24, 9268"
241,"Scholarships","Camille Eddy, Kelsey Martin, Timothy Hibbard, speak about their experience at Boise State as well as the scholarships they received.","2014-02-12","Communications and Marketing","0q1H","Archives Media",12/7/2017 8:47:50,"Financial Aid and Scholarships","fund raising","UER RG 216, A17-24, 9268"
242,"Shakespeare Shop","Shakespeare shop ","2013-07-01","Communications and Marketing","P4FS","Archives Media",12/7/2017 8:47:50,"Idaho Shakespeare Festival","performing arts","UER RG 216, A17-24, 9268"
243,"Simulation Center Accreditation Revised","College of Health Sciences, Simulation Center overview- Revised version","2015-02-09","Communications and Marketing","bBrs","Archives Media",12/7/2017 8:47:50,"College of Health Sciences","academic programs","UER RG 216, A17-24, 9268"
244,"Simulation Center Accreditation","College of Health Sciences, Simulation Center overview ","2013-11-04","Communications and Marketing","GuT8","Archives Media",12/7/2017 8:47:50,"College of Health Sciences","academic programs","UER RG 216, A17-24, 9268"
245,"Spring  Commencement","Photographs from the Spring 2013 Commencement","2013-05-20","Communications and Marketing","ae6W","Archives Media",12/20/2017 12:44:12,"Commencement","graduation","UER RG 216, A17-24, 9268"
246,"Spring  Commencement","Photographs from the Spring 2015 Commencement","2015-06-03","Communications and Marketing","qgLl","Archives Media",12/20/2017 12:44:14,"Commencement","graduation","UER RG 216, A17-24, 9268"
247,"Spring Aerials","Aerials view of Boise State during Spring ","2012-06-18","Communications and Marketing","KnVE","Archives Media",12/7/2017 8:47:50,"Communications and Marketing","campus; aerial views","UER RG 216, A17-24, 9268"
248,"Spring At Boise State Revised","Scenes of campus in the Spring season","2014-01-15","Communications and Marketing","egzE","Archives Media",12/7/2017 8:47:50,"Communications and Marketing","campus","UER RG 216, A17-24, 9268"
249,"Steve Swanson End 1st Quarter","Steve Swanson clip in space and space broncos, NASA micro-gravity research","2014-11-11","Communications and Marketing","ko2U","Archives Media",12/7/2017 8:47:50,"Internships","academic programs","UER RG 216, A17-24, 9268"
250,"Steve Swanson Group Photo","Steve Swanson's visit to Boise State, Group photo, NASA micro-gravity research","2014-11-14","Communications and Marketing","TCDj","Archives Media",12/7/2017 8:47:50,"Internships","academic programs","UER RG 216, A17-24, 9268"
251,"Studio montage","Clips of the photography and video done in the Studio, Photographic Services.","2013-09-16","Communications and Marketing","MQUm","Archives Media",12/7/2017 8:47:50,"Photographic Services","photography","UER RG 216, A17-24, 9268"
252,"Thanks Final","Stephen Heleker, thanks scholarship donors ","2011-06-03","Communications and Marketing","Rnw7","Archives Media",12/7/2017 8:47:50,"Financial Aid and Scholarships","fund raising","UER RG 216, A17-24, 9268"
253,"The Foreigner","The Foreigner, theatre production ","2013-09-05","Communications and Marketing","Tepl","Archives Media",12/7/2017 8:47:50,"Theatre Arts","promotions; performing arts;","UER RG 216, A17-24, 9268"
254,"Theatre Arts The Foreigner","The Foreigner, theatre production ","2013-09-05","Communications and Marketing","6jok","Archives Media",12/7/2017 8:47:50,"Theatre Arts","promotions; performing arts;","UER RG 216, A17-24, 9268"
255,"Then And Now","Boise State photographs comparing the past and the present","2012-06-27","Communications and Marketing","BhQE","Archives Media",12/7/2017 8:47:50,"Communications and Marketing","campus; history","UER RG 216, A17-24, 9268"
256,"Tiara Thompson","Tiara Thompson, 2013 winter commencement speaker introduction ","2013-12-11","Communications and Marketing","FLwe","Archives Media",12/7/2017 8:47:50,"Commencement","public speaking","UER RG 216, A17-24, 9268"
257,"Tiara Thompson Speech","Tiara Thompson, 2013 winter commencement graduation speech","2013-12-20","Communications and Marketing","TpDe","Archives Media",12/7/2017 8:47:50,"Commencement","public speaking","UER RG 216, A17-24, 9268"
258,"Top Ten Scholars","Top Ten Scholars speeches","2014-02-10","Communications and Marketing","vUpo","Archives Media",12/7/2017 8:47:50,"Honors College","public speaking","UER RG 216, A17-24, 9268"
259,"Top Ten Scholars","Top Ten Scholars speak about their experience at Boise State ","2012-04-27","Communications and Marketing","hQrB","Archives Media",12/7/2017 8:47:50,"Honors College","public speaking","UER RG 216, A17-24, 9268"
260,"Top Ten Scholars","Top Ten Scholars  Awards speak about their experience at Boise State","2014-04-30","Communications and Marketing","rFOh","Archives Media",12/7/2017 8:47:50,"Honors College","public speaking","UER RG 216, A17-24, 9268"
261,"Trevor Newby","Trevor Newby, Department of Kinesiology ","2013-09-18","Communications and Marketing","5rFZ","Archives Media",12/7/2017 8:47:50,"College of Health Sciences","academic programs","UER RG 216, A17-24, 9268"
262,"We Speak Digital","New Technology used on Campus, part of the We Speak Digital campaign","2012-09-20","Communications and Marketing","BFZZ","Archives Media",12/7/2017 8:47:50,"Communications and Marketing","equipment and supplies","UER RG 216, A17-24, 9268"
263,"Winter Commencement","Slideshow of winter commencement","2011-12-19","Communications and Marketing","BFIk","Archives Media",12/20/2017 12:44:15,"Commencement","graduation","UER RG 216, A17-24, 9268"
264,"Winter Commencement","Slideshow of winter commencement","2013-12-21","Communications and Marketing","u7j7","Archives Media",12/20/2017 12:44:16,"Commencement","graduation","UER RG 216, A17-24, 9268"
265,"Wise Beyond Your Field book Promotional 2","Wise Beyond Your Field book promotion with Nancy K. Napier, Promotional Video 2.","2013-05-13","Communications and Marketing","UPlG","Archives Media",12/7/2017 8:47:50,"Center for Creativity and Innovation","promotions; scholarship","UER RG 216, A17-24, 9268"
266,"Wyakin Warrior","Nick Edinger, member of the Wyakin Warrior program for wounded veterans at Boise State and overview of the program.","2011-11-28","Communications and Marketing","Hda6","Archives Media",12/7/2017 8:47:50,"Wyakin Warriors","veterans","UER RG 216, A17-24, 9268"
267,"Yara Slaton Student Speaker","Yara Slaton, Spring commencement Student Speaker","2015-05-08","Communications and Marketing","IFoe","Archives Media",12/7/2017 8:47:50,"Commencement","public speaking","UER RG 216, A17-24, 9268"
268,"Year In Photos","A video showing Boise State through photographs ","2014-08-13","Communications and Marketing","4uz0","Archives Media",12/7/2017 8:47:50,"Photographic Services","campus life","UER RG 216, A17-24, 9268"
269,"Year In Photos","A video showing Boise State through photographs ","2011-07-29","Communications and Marketing","dOV5","Archives Media",12/7/2017 8:47:50,"Photographic Services","campus life","UER RG 216, A17-24, 9268"
270,"Year In Photos","A video showing Boise State through photographs ","2014-08-13","Communications and Marketing","MvB0","Archives Media",12/7/2017 8:47:50,"Photographic Services","campus life","UER RG 216, A17-24, 9268"
271,"Barbara Morgan 2","Barbara Morgan message about Adler Planetarium programs inspiring young women to pursue a career in science.","2012-03-23","Communications and Marketing","Gjhr","Archives Media",12/7/2017 9:31:54,"Research and Economic Development","women's education","UER RG 216, A17-24, 9268"
272,"Boise And Beyond","Boise and Boise State tour ","2012-10-08","Communications and Marketing","Wama","Archives Media",12/14/2017 15:39:30,"Communications and Marketing","promotions; campus","UER RG 216, A17-24, 9268"
273,"Calculator Crunch","College of Engineering students celebrate the donation of new calculators by destroying their old calculators.","2012-03-01","Communications and Marketing","tc1E","Archives Media",12/14/2017 15:39:30,"College of Engineering","equipment and supplies","UER RG 216, A17-24, 9268"
274,"Campus Growth","Quick montage of aerial views through the decades highlighting campus expansion. Scenes of newly constructed buildings in 2013 including the Micron Business and Economics Building, Bleymaier Football Center, Yanke Research Park, Dona Larsen Park and others.","2013-08-22","Communications and Marketing","iGXD","Archives Media",12/14/2017 15:39:30,"Communications and Marketing","campus; history","UER RG 216, A17-24, 9268"
275,"Catalyst","Marla Hansen Catalyst overview ","2013-11-22","Communications and Marketing","VOak","Archives Media",12/14/2017 15:39:30,"Theatre Arts","performing arts","UER RG 216, A17-24, 9268"
276,"Fall On Campus","Scenes of campus in the fall season","2012-10-22","Communications and Marketing","bbTg","Archives Media",12/14/2017 15:39:30,"Communications and Marketing","campus","UER RG 216, A17-24, 9268"
277,"Golden Eagle Research","Golden Eagle Field Research ","2014-06-02","Communications and Marketing","IdLA","Archives Media",12/14/2017 15:39:30,"Raptor Biology Biological Science","research","UER RG 216, A17-24, 9268"
278,"Green Campus","Boise State Green Campus promotion for recycling, geothermal heating, bike lanes, gardening and other sustainable initiatives.","2013-09-11","Communications and Marketing","3BLd","Archives Media",12/14/2017 15:39:30,"Campus Sustainability","promotions; Conservation of natural resources","UER RG 216, A17-24, 9268"
279,"Greenspeed","Greenspeed, Vegetable Oil Fueled Truck, 2","2012-01-24","Communications and Marketing","QnVF","Archives Media",12/14/2017 15:39:30,"Student Organizations","Conservation of natural resources; Racing","UER RG 216, A17-24, 9268"
280,"Holiday Card  professional resolution","Slideshow and video overview of campus activities for 2014 with Choir singing.","2014-12-12","Communications and Marketing","YfJQ","Archives Media",12/14/2017 15:41:16,"Music Department","holidays","UER RG 216, A17-24, 9268"
281,"Holiday Card version 2","Choir sings in the background while there's an overview of Boise State and its programs. Version 2. ","2014-12-12","Communications and Marketing","G80K","Archives Media",12/14/2017 15:41:17,"Music Department","holidays","UER RG 216, A17-24, 9268"
282,"Holiday Tree","Tree Lighting Ceremony.","2013-12-10","Communications and Marketing","Cde8","Archives Media",12/14/2017 15:41:18,"Communications and Marketing","holidays","UER RG 216, A17-24, 9268"
283,"Iolanthe","Students and professors discuss Lolanthe a theatre production.","2012-02-27","Communications and Marketing","hxp8","Archives Media",12/14/2017 15:44:38,"Theatre Arts","performing arts","UER RG 216, A17-24, 9268"
284,"Josh Watkins","Josh Watkins, commencement speaker, speaks about his time at Boise State University.","2013-05-07","Communications and Marketing","DP3g","Archives Media",12/14/2017 15:44:49,"Commencement","public speaking","UER RG 216, A17-24, 9268"
285,"Mission Statement","Short video presenting the mission statement and values of Boise State University","2015-08-03","Communications and Marketing","0BWb","Archives Media",12/20/2017 12:42:48,"Communications and Marketing","mission statement","UER RG 216, A17-24, 9268"
286,"Monument Sign Install","Boise State monument sign from the Micron Business & Economics Building ","2012-05-18","Communications and Marketing","x6AE","Archives Media",12/14/2017 15:39:30,"College of Business and Economics","campus","UER RG 216, A17-24, 9268"
287,"New Employee Orientation","Short video with attractive clips of Boise State and the programs here. ","2015-04-07","Communications and Marketing","AqTb","Archives Media",12/20/2017 12:42:51,"Communications and Marketing","promotions","UER RG 216, A17-24, 9268"
288,"Osprey Banding","Osprey banding near Lake Cascade, Idaho","2014-07-24","Communications and Marketing","C0HH","Archives Media",12/14/2017 15:44:21,"Raptor Biology Biological Science","research","UER RG 216, A17-24, 9268"
289,"Boise State Commercial","Short video with attractive clips and reasons to visit Boise State University, 30 seconds.","2014-09-16","Communications and Marketing","Jbej","Archives Media",12/14/2017 15:39:30,"Admissions","promotions","UER RG 216, A17-24, 9268"
290,"Snowy Bronco","Buster Bronco near River Front Hall during winter","2014-11-13","Communications and Marketing","yLdR","Archives Media",12/14/2017 15:44:12,"Communications and Marketing","campus; mascots","UER RG 216, A17-24, 9268"
291,"Summer Programs","Summer classes at Boise State","2014-03-18","Communications and Marketing","GhvU","Archives Media",12/14/2017 15:44:15,"Registrars Office","academic programs","UER RG 216, A17-24, 9268"
292,"Tarifa Spain Bird Migration","Collaborative Research, Boise State and Fundacion Migres in Tarifa, Spain with the Intermountain Bird Observatory","2014-09-11","Communications and Marketing","IH8V","Archives Media",12/14/2017 15:39:30,"Raptor Biology Biological Science","research","UER RG 216, A17-24, 9268"
293,"Tree Lighting","Tree Lighting Ceremony in the Quad ","2014-12-05","Communications and Marketing","oqV5","Archives Media",12/14/2017 15:39:30,"Communications and Marketing","campus life; holidays","UER RG 216, A17-24, 9268"
294,"Video Services","Montage of clips demonstrating the style and types of video production through Video Services.","2013-03-29","Communications and Marketing","VyE6","Archives Media",12/14/2017 15:39:30,"Communications and Marketing","campus","UER RG 216, A17-24, 9268"
